date,si_w,ci_w,hi_w,wi_w
2020-01-01,0.04730510212565474,0.23518720727212264,0.0,0.0
2020-01-02,0.1527647368566915,0.3193043815647258,0.0,0.0
2020-01-03,0.19051658675830724,0.3454455006512762,0.0,0.0
2020-01-04,0.19051658675830724,0.3454455006512762,0.0,0.0
2020-01-05,0.2174821938308899,0.4014136851148741,0.0,0.0
2020-01-06,0.21779009505861488,0.4016268048665576,0.0,0.0
2020-01-07,0.2838173100906244,0.44722833467283757,0.0,0.0
2020-01-08,0.2838173100906244,0.44722833467283757,0.0,0.0
2020-01-09,0.2838173100906244,0.44722833467283757,0.0,0.0
2020-01-10,0.2838173100906244,0.4472818224648726,0.0,0.0
2020-01-11,0.2838173100906244,0.4472818224648726,0.0,0.0
2020-01-12,0.2838173100906244,0.4472818224648726,0.0,0.0
2020-01-13,0.2838173100906244,0.4472818224648726,0.0,0.0
2020-01-14,0.2838173100906244,0.4602086855305822,0.0,0.0
2020-01-15,0.3376515256491977,0.6497957486905189,0.0,0.0
2020-01-16,0.3647468336889948,0.674818058365435,0.0,0.0
2020-01-17,0.3647468336889948,0.674818058365435,0.0,0.0
2020-01-18,0.38355485962918834,0.6878546684034031,0.0,0.0
2020-01-19,0.38355485962918834,0.6878546684034031,0.0,0.0
2020-01-20,1.596467865753956,2.1279350386608646,0.0,0.0
2020-01-21,1.64072748939944,3.713352825430258,0.0,0.0
2020-01-22,2.001862372862566,4.495619543829504,0.0,0.0
2020-01-23,2.3824648726547126,4.819938198043399,0.009699858659202394,0.0
2020-01-24,2.950249147798132,5.2906088739849775,0.0097830003048527,0.0
2020-01-25,3.173133054346922,5.923701466064351,0.0097830003048527,0.0
2020-01-26,3.4334703322894438,6.139721198348252,0.012776099548263725,0.029099575977607185
2020-01-27,3.46201369065765,6.37083668209406,0.012776099548263725,0.029155003741374055
2020-01-28,3.5059133109774687,6.4112623673197895,0.012776099548263725,0.029155003741374055
2020-01-29,3.6647446165784436,6.533649641105229,0.012776099548263725,0.029155003741374055
2020-01-30,3.8570093950059574,6.666906853642988,0.012776099548263725,0.029155003741374055
2020-01-31,4.997335310256906,9.48765956267494,0.012776099548263725,0.029155003741374055
2020-02-01,5.362076878308344,9.764377961921126,0.03217581686666852,0.029155003741374055
2020-02-02,8.185190532937947,11.7151442507552,0.03217581686666852,0.029155003741374055
2020-02-03,8.31673087049303,11.8135182773051,0.03217581686666852,0.029155003741374055
2020-02-04,8.634510988554167,12.03349167197849,0.03217581686666852,0.029155003741374055
2020-02-05,8.680655156167724,12.083737494110798,0.03217581686666852,0.029155003741374055
2020-02-06,8.6928913892969,12.092212953468387,0.03217581686666852,0.029155003741374055
2020-02-07,8.742030041847963,12.139710112795496,0.03217581686666852,0.029155003741374055
2020-02-08,8.744649557963585,12.14152260067067,0.03217581686666852,0.029155003741374055
2020-02-09,8.752493972230692,12.147177895407804,0.03217581686666852,0.029155003741374055
2020-02-10,8.734549233711165,12.137032397527918,0.03217581686666852,0.029155003741374055
2020-02-11,8.735625918022336,12.146545741762043,0.03217581686666852,0.029155003741374055
2020-02-12,9.064938336612812,12.375057229166083,0.03217581686666852,0.029155003741374055
2020-02-13,9.067477759609792,12.37681318072222,0.03217581686666852,0.029155003741374055
2020-02-14,9.067477759609792,12.377097525150342,0.03217581686666852,0.029155003741374055
2020-02-15,9.06819582628939,12.41067372446858,0.03217581686666852,0.029155003741374055
2020-02-16,9.06819582628939,12.456730316215387,0.03217581686666852,0.029155003741374055
2020-02-17,9.06819582628939,12.477884045118195,0.03217581686666852,0.029155003741374055
2020-02-18,9.06865726242275,12.478204140453949,0.03217581686666852,0.029155003741374055
2020-02-19,9.068887564781202,12.478364603830054,0.03217581686666852,0.029155003741374055
2020-02-20,9.201019039436856,12.569858382063572,0.03217581686666852,0.029155003741374055
2020-02-21,9.35932267272677,12.680056536319038,0.03217581686666852,0.029155003741374055
2020-02-22,9.499160546517754,12.77685586010032,0.03217581686666852,0.07438405897514065
2020-02-23,10.006190726935122,13.128647839702902,0.06457334478840451,0.07438405897514065
2020-02-24,10.076883851121028,13.164264889283036,0.06457334478840451,0.08070282404456391
2020-02-25,10.45801236039132,13.49311337749078,0.06457334478840451,0.10445362081866806
2020-02-26,10.79140758806086,13.850872987279324,0.06457334478840451,0.1044813347005515
2020-02-27,10.973158551118255,14.18987307042097,0.06457334478840451,0.1044813347005515
2020-02-28,11.238025108776986,15.422410553446216,0.06457334478840451,0.1045644763462018
2020-02-29,12.129208491533408,16.038866779369783,0.06457334478840451,0.1045644763462018
2020-03-01,13.20970152149211,16.8795984258515,0.06457334478840451,0.10655987584180916
2020-03-02,14.840488041459963,18.04802788016517,0.06457334478840451,0.10655987584180916
2020-03-03,15.05972064407061,18.233715877282926,0.07344178699110385,0.10655987584180916
2020-03-04,15.184425629797962,19.32976332344871,0.07344178699110385,0.10655987584180916
2020-03-05,19.02150458664745,22.058317767369672,0.09189923232547184,0.10655987584180916
2020-03-06,19.289132001219407,22.253365296677103,0.11490175428872322,0.10661530360557603
2020-03-07,19.30037995732062,22.283664052323807,0.11490175428872322,0.10661530360557603
2020-03-08,19.32345896959787,22.30006651331652,0.11492946817060666,0.10664301748745947
2020-03-09,20.07468586314885,22.9325574370202,0.17562286949533018,0.12160851370451459
2020-03-10,21.452731480198427,24.26709641659507,0.17581686666851426,0.1443061829670482
2020-03-11,22.694744339439616,25.151287032674663,0.17581686666851426,0.15375661668929966
2020-03-12,28.047787600809244,27.169755286422973,0.17858825485685778,0.20926752210182076
2020-03-13,29.255583238644235,28.002832913006127,0.4109414405675802,0.23930937006346478
2020-03-14,32.434634869606185,31.179655239309373,0.4732976748053099,0.27201175068591854
2020-03-15,35.3072336003104,33.20234320871325,1.2449352880858022,0.33137488568023715
2020-03-16,43.28904913671258,38.73092786076546,1.2556328464928084,0.5822963722528615
2020-03-17,47.36160297092813,41.49695036443755,1.3216750270210353,0.7683119474544801
2020-03-18,51.19839813762713,43.935264806141404,1.3408253194024888,0.888368483773522
2020-03-19,56.89481417842197,47.881469112878655,1.352603719202949,2.0439542166671285
2020-03-20,58.882321037607724,49.262883629409984,1.3698694676163292,2.0496355624532328
2020-03-21,64.09601474378515,52.87401823573429,1.4441149571820526,2.4749050799545493
2020-03-22,67.83826206246708,55.5158063353934,1.6629714824155422,2.5960424576670453
2020-03-23,71.70296372252858,58.169889698750104,1.6933736108416713,2.6300751046199036
2020-03-24,72.88136241443337,58.963611950225854,1.7108610703101186,2.631183659895241
2020-03-25,73.27243078457997,59.21805670260233,1.734445583792922,2.6521353545991184
2020-03-26,73.70693872460714,59.56067815868968,1.7484133802621735,2.6952581548097436
2020-03-27,73.92714436161073,59.71662084638195,1.7509353435135662,2.7089488124601604
2020-03-28,73.94604772330459,59.740088684422005,1.7571432530554554,2.7093090929246455
2020-03-29,74.04526757752957,59.809398885901935,1.758196380567026,2.7099742260898485
2020-03-30,74.5959861984868,60.229828451071135,1.7882382285286695,2.7355818529501432
2020-03-31,74.8330787351384,60.420830862178846,1.797162098495136,2.7356927084776768
2020-04-01,74.96892442424408,60.86403791259041,1.8029265859268908,2.737161544217498
2020-04-02,74.98843887703349,60.893383310700315,1.8191392068287,2.7372446858631485
2020-04-03,75.14949145026742,61.02880941163428,1.8235457140481663,2.736246986115345
2020-04-04,75.16556051326107,61.923626915722075,1.823905994512651,2.7363855555247616
2020-04-05,75.16661253221736,61.9761020425131,1.823905994512651,2.7363855555247616
2020-04-06,75.19663747471105,62.910810908183905,1.824598841559737,2.738685807721087
2020-04-07,75.35892165285588,63.08498046171327,1.848349638333841,2.7515727627968842
2020-04-08,75.3485173073192,63.11923842252584,1.8355181110218104,2.7515727627968842
2020-04-09,75.36940914003821,63.17027104176481,1.8314164565030617,2.7514896211512347
2020-04-10,75.39201895629517,63.20463182107917,1.82994762076324,2.7651525649197684
2020-04-11,75.39069284704706,63.23755258709087,1.8313887426211786,2.7651248510378843
2020-04-12,75.47544134356897,63.2967231106061,1.8313887426211786,2.7651248510378843
2020-04-13,75.46387883490839,63.29895906659647,1.8298090513538228,2.76936507496605
2020-04-14,75.40650777374384,63.32827952221268,1.8290330626610862,2.763933154116897
2020-04-15,75.37350137183714,63.306116453731676,1.8292270598342704,2.763933154116897
2020-04-16,75.41867139650248,63.36479256159411,1.8292270598342704,2.7644320039907986
2020-04-17,75.40979353157995,63.42833799850345,1.8292270598342704,2.7644597178726826
2020-04-18,75.3442926031649,63.38327245517279,1.8298921929994731,2.764570573400216
2020-04-19,75.33835573538784,63.38485076074606,1.828367929495884,2.764570573400216
2020-04-20,75.15335171687495,63.31805808829643,1.8238782806307676,2.757115539173572
2020-04-21,75.10802233738876,63.286746113128075,1.8224648726547124,2.756478119890253
2020-04-22,75.10367347504362,63.33138985117645,1.8218274533713932,2.756173267189535
2020-04-23,75.09563589501978,63.32583598924701,1.8218274533713932,2.7560624116620014
2020-04-24,75.16336751378763,63.385698251254055,1.8217443117257432,2.7560624116620014
2020-04-25,75.16167253277163,63.385538896433225,1.8217443117257432,2.7560624116620014
2020-04-26,75.20423994678933,63.415251780616906,1.8217443117257432,2.754649003685946
2020-04-27,75.12665160879082,63.52876590083972,1.8197211983482522,2.7488013746085413
2020-04-28,75.12043843361138,63.734014078651995,1.821106892442424,2.7471108278136516
2020-04-29,75.10307208380677,64.02725161433361,1.821106892442424,2.7471108278136516
2020-04-30,75.09175595155611,64.03733863592272,1.821106892442424,2.7471108278136516
2020-05-01,75.02681567497159,64.0498572735083,1.814178421971565,2.737438683036333
2020-05-02,75.00921348003213,64.03766593686777,1.8120444530665407,2.737438683036333
2020-05-03,74.86665936867776,63.94816894382396,1.811989025302774,2.728597954715517
2020-05-04,74.01799628633981,63.45245932987834,1.7913698971814982,2.6925144805032843
2020-05-05,74.05565917468059,63.47865310534046,1.8095224898151483,2.6918216334561986
2020-05-06,73.70550120555384,63.23700440650722,1.691017930881579,2.68771997893745
2020-05-07,73.59193248898372,63.177285702408334,1.6899370894881252,2.68771997893745
2020-05-08,73.52523626084302,63.13647839702907,1.6896876645511743,2.6876091234099158
2020-05-09,73.52477565612612,63.13686888562481,1.6896876645511743,2.6876091234099158
2020-05-10,73.76781088047,63.305146467865754,1.7091428096333459,2.697308982069118
2020-05-11,72.56241249341795,62.73934706094282,1.658620402959843,2.639913532688524
2020-05-12,72.47161100795387,62.74482775822408,1.6585095474323093,2.624421472715683
2020-05-13,71.13271180334229,61.81051270681484,1.4488817448660039,2.6234237729678798
2020-05-14,70.80781004905356,61.5859227336973,1.4447800903472552,2.61995953773245
2020-05-15,70.74970540143556,61.547749355652236,1.4317268519801571,2.607017154892885
2020-05-16,70.61527977163759,61.45528143447053,1.4308954355236543,2.622093506637474
2020-05-17,70.51949948729317,61.38933403541834,1.4308954355236543,2.622093506637474
2020-05-18,70.43860876312944,61.91186819277777,1.4192278912507277,2.6146384724108302
2020-05-19,70.34509104010198,61.84716403846687,1.4192278912507277,2.6146384724108302
2020-05-20,70.30017626028877,61.84678990106144,1.4192001773688443,2.613225064434775
2020-05-21,70.29114513759941,61.870300972757256,1.418535044203642,2.6131973505528916
2020-05-22,70.1682975362359,61.788100490535705,1.418535044203642,2.598148712690186
2020-05-23,70.18221821910595,61.81894077543441,1.418535044203642,2.598148712690186
2020-05-24,70.18216694842447,61.8189053016656,1.4185073303217584,2.598148712690186
2020-05-25,69.83555746473408,61.62341019316576,1.3945625363744703,2.5688551395393953
2020-05-26,69.79323864423691,61.5951985699637,1.3944793947288199,2.5688551395393953
2020-05-27,69.73694232741181,62.363421555857336,1.379513898511765,2.5687997117756276
2020-05-28,69.73440761577476,62.36219604800045,1.379513898511765,2.5687719978937444
2020-05-29,69.29482221544772,62.06644403181554,1.364298977357759,2.3576753595876174
2020-05-30,69.19958650888232,61.99854114125767,1.35922733697309,2.3576753595876174
2020-05-31,69.19464429232602,61.99499376437658,1.3586730593354215,2.35761993182385
2020-06-01,68.1872130920378,62.34176537427598,1.3420724440872438,2.3240307069811266
2020-06-02,67.64472189119529,62.07312751157055,1.3420724440872438,2.3085940747720533
2020-06-03,67.45934955519219,61.945556633317636,1.3537667547589123,2.3068758140952803
2020-06-04,67.44726741124627,61.95869273619156,1.3422941551423113,2.3069589557409302
2020-06-05,67.3595014272649,61.90559376991935,1.3421001579691272,2.3068203863315135
2020-06-06,67.16496909902169,61.77087880719452,1.3431255715988142,2.2882520854696113
2020-06-07,67.15575007621317,61.77451847130227,1.3430978577169306,2.2882520854696113
2020-06-08,67.97501150126097,62.33442562979796,1.3301831887592497,2.2660532660809793
2020-06-09,67.94242413324832,62.317478591026244,1.330127760995483,2.2660532660809793
2020-06-10,67.89195438295042,62.28465537787877,1.3278829365629246,2.2660532660809793
2020-06-11,67.96844469694868,62.359908821328595,1.3280215059723417,2.2659701244353294
2020-06-12,67.79509907712772,62.24008369592328,1.3280492198542253,2.2666075437186484
2020-06-13,67.74892996702046,62.2099764432004,1.328104647617992,2.266662971482415
2020-06-14,67.74636643294626,62.20841615165036,1.327467228334673,2.266662971482415
2020-06-15,65.80954050383838,61.155687719978935,1.3294626278302804,1.8842114014910067
2020-06-16,65.80250727489398,61.15074966050495,1.3291023473657957,1.88415597372724
2020-06-17,65.78577280159632,61.139164980738855,1.32840950031871,1.8826039963417676
2020-06-18,66.00422193276613,61.28989302441593,1.32840950031871,1.8855970955851786
2020-06-19,65.92166477288472,61.23270820053765,1.3241138486267772,1.8834354127982709
2020-06-20,65.91932766122551,61.231094144056755,1.3241415625086608,1.8834354127982709
2020-06-21,65.60367486073774,61.01265859268908,1.309397777346673,1.883213701743203
2020-06-22,64.85851786159688,60.91540503838372,1.2766399689604526,1.8245434137959704
2020-06-23,64.79500207854113,60.86570462544688,1.2761965468503178,1.8245434137959704
2020-06-24,64.77869218191393,60.85441814704985,1.2760025496771337,1.8234625724025162
2020-06-25,64.78393509408862,60.85876756367263,1.2781642324640416,1.8234625724025162
2020-06-26,64.57915832940719,60.76845993958372,1.272150320095336,1.817448660033811
2020-06-27,64.5622825153119,60.75679821522599,1.272150320095336,1.8167280991048413
2020-06-28,64.55706482276972,60.7531976276917,1.2707646260011642,1.8167280991048413
2020-06-29,64.55470858853198,60.75156029155003,1.2707646260011642,1.8167280991048413
2020-06-30,64.51160879084333,60.7189892747277,1.270681484355514,1.8167280991048413
2020-07-01,64.22814982124545,61.25825624255189,1.302635590167115,1.8325804395421668
2020-07-02,64.21860100324253,61.631399292845956,1.302635590167115,1.8325804395421668
2020-07-03,64.338728764238,61.34289887204499,1.302635590167115,1.8506498905301665
2020-07-04,64.26415763656013,61.291808330792875,1.31760108638417,1.8506498905301665
2020-07-05,64.24558933569824,61.27404955242079,1.3172408059196856,1.8465759498933014
2020-07-06,63.08616190449795,60.48977856608373,1.3172408059196856,1.8465759498933014
2020-07-07,62.58489842862289,60.14289388354626,1.317213092037802,1.8465759498933014
2020-07-08,62.66553085940747,60.19888867333646,1.333758279522213,1.8465205221295347
2020-07-09,62.60614555330765,60.16437851619875,1.333869135049747,1.8465205221295347
2020-07-10,62.58352049441566,60.14871407588059,1.3335088545852618,1.8466313776570682
2020-07-11,62.48477593326498,60.080396308510906,1.3335088545852618,1.8466313776570682
2020-07-12,62.49804090568966,60.089543552365356,1.337499653576477,1.8466313776570682
2020-07-13,62.43457279051078,60.04728348529777,1.337499653576477,1.8452179696810131
2020-07-14,62.434162625058896,60.046999695147285,1.337499653576477,1.8492919103178782
2020-07-15,62.517561455533084,60.10274506000053,1.3524651497935316,1.8642574065349329
2020-07-16,62.448875093534355,60.07864783970289,1.3356428234902866,1.8634537039603134
2020-07-17,62.433896294654,60.068347144084456,1.3356428234902866,1.8634537039603134
2020-07-18,62.41803924285675,60.05737106116451,1.332816007538176,1.8634537039603134
2020-07-19,62.42474212232908,60.06200842502008,1.332816007538176,1.8634537039603134
2020-07-20,61.72582795222127,59.62495939916301,0.9528864007981599,1.8629271402045282
2020-07-21,61.71766787683951,59.6177682010919,0.9528864007981599,1.8629271402045282
2020-07-22,61.680206468420046,59.60009921569712,0.9529141146800433,1.8629271402045282
2020-07-23,61.786059085996186,59.66955990355567,0.9752237895962087,1.8628994263226446
2020-07-24,61.79098827702798,59.67298894216112,0.9752237895962087,1.8629271402045282
2020-07-25,61.79068009866143,59.74310478618738,0.9752237895962087,1.8629271402045282
2020-07-26,61.87807055954329,59.80380677881549,0.9751960757143253,1.8866779369786322
2020-07-27,61.704132694066466,59.68328354072554,0.9606740016074052,1.8690241942188839
2020-07-28,61.70793614721616,59.687216971981265,0.9606740016074052,1.8690241942188839
2020-07-29,61.621332483440966,59.63333924562813,0.9732006762187182,1.8752875315245405
2020-07-30,61.600304852700724,60.13384128852022,0.973256103982485,1.8755646703433746
2020-07-31,61.83266385832665,59.99972286118116,0.9732283901006016,1.8860959454590804
2020-08-01,62.94130892664137,60.83070393259984,0.9732283901006016,1.8819111492946812
2020-08-02,63.00057783443728,60.87171160934513,0.9732283901006016,1.8979297730233071
2020-08-03,63.11287060388549,60.97358700773218,0.9732283901006016,1.9008951583848348
2020-08-04,63.11107252722889,60.93883823407146,0.9732283901006016,1.900784302857301
2020-08-05,63.1191627636283,60.938283125017335,0.9733946733919021,1.900784302857301
2020-08-06,63.09892747277111,60.92828949921016,0.9734223872737857,1.9008120167391847
2020-08-07,63.178534212787184,60.9850794002716,0.9684338885347672,1.9047196740847487
2020-08-08,63.18041764819999,60.986140841947744,0.9804062855084115,1.9166920710583928
2020-08-09,63.21425463514675,61.00955186652995,0.9804062855084115,1.9166920710583928
2020-08-10,63.15873652412493,60.971316963667114,0.965357647645706,1.9209322949865588
2020-08-11,63.132431061718826,60.95315162264778,0.9653022198819391,1.9219022808524788
2020-08-12,63.179635839592066,60.98741512623673,0.9749466507773745,1.920710583931491
2020-08-13,62.40856109525262,60.45974614084196,0.9749466507773745,1.9207382978133747
2020-08-14,62.45300058199153,60.55727406257795,0.9749189368954911,1.945431366571515
2020-08-15,62.39870576171605,60.52019427431201,0.9748912230136076,1.945431366571515
2020-08-16,62.40107141867363,60.521866529944845,0.9748912230136076,1.9454867943352818
2020-08-17,62.42229498655879,60.537348335781395,0.9752792173599759,1.960590859961754
2020-08-18,62.73079954549235,60.75171216362276,0.9752792173599759,1.960590859961754
2020-08-19,62.72590361111882,60.765671368788624,0.9738380955020371,1.9605631460798703
2020-08-20,62.76394645678021,60.79330543469223,0.9738380955020371,1.9708172823767416
2020-08-21,62.59644403181555,60.6775514785356,0.9544106643017488,1.9708727101405084
2020-08-22,62.59690629936537,60.69489648865116,0.9542443810104484,1.9708727101405084
2020-08-23,62.59285591552811,60.69288390654878,0.9541612393647979,1.9699858659202385
2020-08-24,62.799938198043414,60.83653465620928,0.972369259762215,1.9696810132195206
2020-08-25,62.68485242357898,60.7591098301139,0.9675193304326137,1.970512429676024
2020-08-26,62.683081506526634,60.75788459939584,0.9673530471413132,1.9703461463847236
2020-08-27,62.64770473630242,60.735753956156636,0.9548263725300002,1.9703461463847236
2020-08-28,62.711154006041646,60.778599894687254,0.9548540864118836,1.9703461463847236
2020-08-29,62.71569963694817,60.78549954272095,0.9548540864118836,1.9703461463847236
2020-08-30,62.71569963694817,59.9831945791647,0.9548540864118836,1.9703461463847236
2020-08-31,62.59230579497272,59.92005321065322,0.9334035418341047,1.9652745060000547
2020-09-01,61.924935842363446,59.41882520854696,0.9275559127566999,1.9734349414254073
2020-09-02,61.694421472715696,59.25928137904277,0.8984563367790929,1.953841463804604
2020-09-03,61.63398276196548,59.216874151262374,0.8984563367790929,1.953841463804604
2020-09-04,61.069349555192204,58.82951528420586,0.8984840506609763,1.953841463804604
2020-09-05,61.07014605215753,58.82971676412716,0.8984840506609763,1.954176872836629
2020-09-06,61.07349000914559,58.83204029598427,0.8984840506609763,1.954176872836629
2020-09-07,60.94225784995705,59.08348219004097,0.8977912036138903,1.9527793352031908
2020-09-08,60.86923897680347,58.69040961117425,0.8978189174957737,1.9537855622992664
2020-09-09,60.84851786159687,58.67511542831805,0.8978189174957737,1.9537855622992664
2020-09-10,61.01783028018734,58.795241526480616,0.8978189174957737,1.937200343652135
2020-09-11,60.925610675387304,58.732746722833475,0.8862622287503813,1.9269739212371475
2020-09-12,59.1755400049885,57.5087387412355,0.8862622287503813,1.9269739212371475
2020-09-13,59.184400133026635,57.51469805725689,0.8862622287503813,1.9269739212371475
2020-09-14,59.41209655516449,57.87921846853089,0.8845439680736081,1.93764376576227
2020-09-15,59.75469112878642,58.11653299337639,0.9159715101294239,1.9569880553169072
2020-09-16,59.75448466036638,58.11617825568828,0.9158329407200069,1.9569880553169072
2020-09-17,59.75826871379874,58.13429925449658,0.9158883684837736,1.957209766371975
2020-09-18,59.72622232076047,58.09009367292077,0.9228722667183994,1.950031870964165
2020-09-19,59.74871906437935,58.10564282349031,0.9228168389546324,1.950031870964165
2020-09-20,59.574138236842835,57.984896211512364,0.9228168389546324,1.9460410719729506
2020-09-21,59.327159327106926,57.817971620984956,0.9228168389546324,1.9303550148269262
2020-09-22,59.324074772053315,57.815594601335825,0.9320455616218164,1.9407477205332146
2020-09-23,59.21399495607349,57.73938946318212,0.9320455616218164,1.9407477205332146
2020-09-24,59.468572735083,57.917550924257974,0.9320455616218164,1.9407477205332146
2020-09-25,59.47160768228805,57.918270653770485,0.9320455616218164,1.9421611285092697
2020-09-26,59.468061413962246,57.915503699803246,0.9029736995260927,1.9419394174542024
2020-09-27,59.467753789873335,57.915290857190385,0.9029736995260927,1.9419394174542024
2020-09-28,59.34681816922095,57.83147437851621,0.9029736995260927,1.9265859268907792
2020-09-29,59.662138957403755,58.05020369703186,0.9057173738325528,1.9297453094254908
2020-09-30,59.61913532688523,58.00840284898706,0.9057173738325528,1.9297453094254908
2020-10-01,59.48018318875924,57.92336003103956,0.9042762519746143,1.9290524623784049
2020-10-02,59.53806612532217,57.9634401241582,0.9043871075021479,1.9290524623784049
2020-10-03,59.54404678103262,57.84325166976139,0.9039713992738965,1.9283596153313194
2020-10-04,59.5378061691101,57.838941606850874,0.9039713992738965,1.9283596153313194
2020-10-05,59.553169359532184,57.849550757974676,0.9039713992738965,1.9236482554111354
2020-10-06,59.68154643460909,57.86552143668763,0.9053848072499516,1.9236205415292518
2020-10-07,59.711073358645336,57.884369370617726,0.9053848072499516,1.9242302469306873
2020-10-08,59.644371033450646,57.82965052794945,0.9055510905412523,1.9061607959426876
2020-10-09,59.61893273840867,57.81080231688053,0.9049413851398168,1.9066319319347058
2020-10-10,59.405402821273164,57.671117977995166,0.9049413851398168,1.8957958041182823
2020-10-11,59.41096167170135,57.67498018457445,0.9049413851398168,1.8957958041182823
2020-10-12,57.7753163539617,56.54908876756367,0.9272510600559822,1.89061330820608
2020-10-13,59.303461186708425,57.638940775434406,1.3082615081894522,1.8905578804423129
2020-10-14,59.23201646204583,57.59152758916941,1.313139151400937,1.8905578804423129
2020-10-15,59.74937338913062,57.95025718482387,1.3723637169858385,1.8914170107806998
2020-10-16,59.697522101820795,57.91444696948701,1.3709503090097832,1.8914170107806998
2020-10-17,59.85800432336556,58.02576809023639,1.4237452539977278,1.8941606850871597
2020-10-18,59.85654380179031,58.02440235013717,1.4237452539977278,1.8936618352132577
2020-10-19,61.10481390128315,58.92916082365656,1.4448632319929056,1.8928581326386384
2020-10-20,61.1599016157193,58.95093589779119,1.4459440733863593,1.895324668126264
2020-10-21,61.27558490147713,59.03055677188703,1.443061829670482,1.901310866613086
2020-10-22,61.73044314497132,59.34816035252056,1.5067760441205,1.903527977163761
2020-10-23,63.47283485297785,60.61213895740375,1.7494387938918605,1.901033727794252
2020-10-24,63.814896211512334,60.877594712191325,1.7537344455837929,1.919324889837319
2020-10-25,63.97124102763073,60.990255244852136,1.7676745281711608,1.917080065404761
2020-10-26,62.76538092730649,60.15849596763018,1.3866363661558072,1.9184657594989323
2020-10-27,62.76665438017902,60.18670980794279,1.3866363661558072,1.9182994762076317
2020-10-28,62.404375744810565,59.94611728514813,1.367402932128703,1.9008674445029514
2020-10-29,62.46198071113821,59.986009755286425,1.3673752182468195,1.9011168694399023
2020-10-30,63.108840728320814,60.43566471745697,1.3583959205165865,1.9162486489482575
2020-10-31,63.069792423024694,60.41035640052103,1.3583959205165865,1.9162486489482575
2020-11-01,63.053965025081055,60.40306792672449,1.358479062162237,1.9162486489482575
2020-11-02,63.372512817670376,60.63177119419117,1.299171354931685,1.9302441592993924
2020-11-03,63.415978992877534,60.59528198874815,1.299171354931685,1.9339855333536566
2020-11-04,63.51677715267578,60.794356067954425,1.3019981708837955,1.9569880553169077
2020-11-05,63.70245212426905,60.88368068065293,1.318820497187041,1.9569880553169077
2020-11-06,63.83886871934152,60.85609843970845,1.109164980738852,2.181719923509686
2020-11-07,63.86598702990328,60.8760493861375,1.1098855416678215,2.181719923509686
2020-11-08,63.895723193747756,60.89648283125017,1.1098855416678215,2.181719923509686
2020-11-09,63.952065792755604,60.93289610065681,1.1199733946733919,2.1944128814123
2020-11-10,63.756044674777606,60.801083612781625,1.1199733946733919,1.9872793282155026
2020-11-11,63.764658149266985,60.50249757503532,1.1201396779646924,1.9872793282155026
2020-11-12,63.76855860100326,60.50593963916525,1.1201951057284594,1.9876950364437544
2020-11-13,63.776388881190606,60.51136712579329,1.1201951057284594,1.9876950364437544
2020-11-14,63.78520826982236,60.51748496521907,1.1202228196103428,1.9898567192306624
2020-11-15,63.78520826982236,60.518338552781074,1.1202228196103428,1.9898567192306624
2020-11-16,67.6107064268492,63.17165867583071,1.5006235623423774,2.367153507191752
2020-11-17,67.67418950752433,63.320906243937586,1.5135053062608976,2.3684560596402737
2020-11-18,67.78630463098966,63.401411745143136,1.5135053062608976,2.4001607405149237
2020-11-19,67.8231488512596,63.42684338885348,1.504561065406893,2.4001607405149237
2020-11-20,68.53711055067484,63.920608042568524,1.5143438288409605,2.4098605991741255
2020-11-21,68.55724551727961,63.93478480170718,1.5143438288409605,2.4050106698445246
2020-11-22,68.28766981681125,63.76910401019871,1.5143438288409605,2.382008147881273
2020-11-23,68.28318681927779,63.76105617603859,1.5232880696949647,2.3805393121414515
2020-11-24,68.97295992075253,64.28680073553117,1.5364198633992316,2.409215126284106
2020-11-25,68.46697225840424,63.79765679128676,1.5103788487653464,2.3909043039658564
2020-11-26,68.45567192306628,63.78979879721754,1.5103788487653464,2.391708006540476
2020-11-27,68.457365795527,63.79134384613254,1.5103788487653464,2.391708006540476
2020-11-28,68.95100320699356,64.27294051629778,1.5235955279743214,2.3870781301704453
2020-11-29,68.95415018223655,64.27511396682532,1.5235955279743214,2.3870781301704453
2020-11-30,69.19009925596518,64.4391614063587,1.5276204363586234,2.387581243718483
2020-12-01,68.92474821938309,64.55296764747753,1.5145913588116287,2.377158218551672
2020-12-02,67.5284945819361,63.578678758446515,1.5156167724413159,1.9962863398276192
2020-12-03,66.21713549316854,62.66082104151611,1.3046032757808386,1.9949283596153309
2020-12-04,66.16236981403986,62.62258664792545,1.3046032757808386,1.9889421611285087
2020-12-05,66.16159936812352,62.6213313796231,1.3046032757808386,1.9889421611285087
2020-12-06,66.16595737604969,62.62437242151346,1.3046032757808386,1.9889421611285087
2020-12-07,66.08739101515951,62.56966105922457,1.3059889698750105,1.984618795554693
2020-12-08,66.9267566444032,63.60162181636782,1.5076628883407697,1.9750575063049078
2020-12-09,66.93442673835325,63.60704902585705,1.5076628883407697,1.983925948507607
2020-12-10,66.93468309176068,63.605382035861766,1.5076628883407697,1.9839813762713738
2020-12-11,66.99576919879169,63.64806861957155,1.5077737438683037,2.002161682786907
2020-12-12,67.02523570656544,63.6685123188205,1.508050882687138,2.0025219632513918
2020-12-13,67.02523570656544,63.663965856497526,1.508050882687138,2.0025219632513918
2020-12-14,67.43044730205362,64.53115539173572,1.5071640384668679,2.001607405149239
2020-12-15,67.80690574508772,64.89497824460271,1.5071640384668679,2.0247207826400238
2020-12-16,68.8136019732284,65.59100462821827,1.5670260233350886,2.084444198098827
2020-12-17,68.81183188759249,66.39784884848821,1.5670260233350886,2.084056203752459
2020-12-18,68.81665077737439,66.42309120638528,1.5670814510988553,2.085525039492281
2020-12-19,69.70521547543163,67.0415965967353,1.7927555912756699,2.3116148878973473
2020-12-20,69.7062170551229,67.04239780506056,1.7927555912756699,2.3116148878973473
2020-12-21,69.88897347781504,67.16523432087132,1.7944738519524428,2.3313471717983534
2020-12-22,69.95992323254718,67.2197746861403,1.7945015658343264,2.331180888507053
2020-12-23,69.95190311226892,67.18545270626058,1.7945015658343264,2.331180888507053
2020-12-24,70.5656550175983,67.63195050300696,1.7885707951112713,2.331180888507053
2020-12-25,69.69281573039935,67.02767397389354,1.7885707951112713,2.3312086023889362
2020-12-26,70.6017218634814,67.66552143668764,1.7885707951112713,2.3339522766953964
2020-12-27,70.68558351578305,68.07817365518389,1.7885707951112713,2.3413518831582736
2020-12-28,70.63785799406922,68.05864201978773,1.7885707951112713,2.3253886871934144
2020-12-29,70.62199955657788,68.07737106116454,1.7880719452373692,2.3253886871934144
2020-12-30,70.65023196519137,68.11863259706787,1.7884876534656207,2.3253886871934144
2020-12-31,70.8238436382784,68.2389346783804,1.7921458858742343,2.3404650389380035
